<?xml version="1.0" encoding="UTF-8"?>
<project-private xmlns="http://www.netbeans.org/ns/project-private/1">
    <editor-bookmarks xmlns="http://www.netbeans.org/ns/editor-bookmarks/2" lastBookmarkId="0"/>
    <open-files xmlns="http://www.netbeans.org/ns/projectui-open-files/2">
        <group>
            <file>file:/C:/Users/Danica/Documents/NetBeansProjects/SistemLicnih/src/sistemlicnih/MySQLConnector.java</file>
            <file>file:/C:/Users/Danica/Documents/NetBeansProjects/SistemLicnih/src/sistemlicnih/LicnaKarta.java</file>
            <file>file:/C:/Users/Danica/Documents/NetBeansProjects/SistemLicnih/src/sistemlicnih/PosebnaLicna.java</file>
            <file>file:/C:/Users/Danica/Documents/NetBeansProjects/SistemLicnih/src/sistemlicnih/Sup.java</file>
            <file>file:/C:/Users/Danica/Documents/NetBeansProjects/SistemLicnih/src/sistemlicnih/Login.java</file>
            <file>file:/C:/Users/Danica/Documents/NetBeansProjects/SistemLicnih/src/sistemlicnih/Gradjanin.java</file>
            <file>file:/C:/Users/Danica/Documents/NetBeansProjects/SistemLicnih/src/sistemlicnih/Mesto.java</file>
            <file>file:/C:/Users/Danica/Documents/NetBeansProjects/SistemLicnih/src/sistemlicnih/Registracija.java</file>
            <file>file:/C:/Users/Danica/Documents/NetBeansProjects/SistemLicnih/src/sistemlicnih/Home.java</file>
        </group>
    </open-files>
</project-private>
